{
    "accuracy": 0.12332890625,
    "f1": 0.16666511243157453,
    "recall": 0.12332890625,
    "precision": 0.6747292333307975,
    "fbeta": 0.16666511243157453,
    "miou": 0.10949896879794999,
    "dice": 0.1973845362663269
}