{
    "accuracy": 0.215353125,
    "f1": 0.24462145536985028,
    "recall": 0.215353125,
    "precision": 0.721504687136503,
    "fbeta": 0.24462145536985028,
    "miou": 0.1367607677024037,
    "dice": 0.2406148612499237
}